[
	{
		"model": "tests.test",
		"pk": 1,
		"fields": {
			"name": "Basic test",
			"description": "This test checks your basic knowledge on various everyday life facts."
		}
	},


	{
		"model": "tests.page",
		"pk": 1,
		"fields": {
			"name": "Objects",
			"test": 1
		}
	},
	{
		"model": "tests.page",
		"pk": 2,
		"fields": {
			"name": "Livings",
			"test": 1
		}
	},
	{
		"model": "tests.page",
		"pk": 3,
		"fields": {
			"name": "Abstract",
			"test": 1
		}
	},

	
	{
		"model": "tests.question",
		"pk": 1,
		"fields": {
			"name": "Which are the fastest brands of cars?",
			"page": 1
		}
	},
	{
		"model": "tests.question",
		"pk": 2,
		"fields": {
			"name": "Which are the best mobile phone manufacturers?",
			"page": 1
		}
	},
	{
		"model": "tests.question",
		"pk": 3,
		"fields": {
			"name": "Which means of transportation are the fastest?",
			"page": 1
		}
	},
	{
		"model": "tests.question",
		"pk": 4,
		"fields": {
			"name": "Which animals are mammals?",
			"page": 2
		}
	},
	{
		"model": "tests.question",
		"pk": 5,
		"fields": {
			"name": "Which of these are insects?",
			"page": 2
		}
	},
	{
		"model": "tests.question",
		"pk": 6,
		"fields": {
			"name": "What genres of music does Tomorrowland consist of?",
			"page": 3
		}
	},
	{
		"model": "tests.question",
		"pk": 7,
		"fields": {
			"name": "Which capitals are in Europe?",
			"page": 3
		}
	},
	{
		"model": "tests.question",
		"pk": 8,
		"fields": {
			"name": "Where is the weather most likely very hot?",
			"page": 3
		}
	},

	
	{
		"model": "tests.answer",
		"pk": 1,
		"fields": {
			"name": "Ferrari",
			"score": 4,
			"question": 1
		}
	},
	{
		"model": "tests.answer",
		"pk": 2,
		"fields": {
			"name": "Dacia",
			"score": -3,
			"question": 1
		}
	},
	{
		"model": "tests.answer",
		"pk": 3,
		"fields": {
			"name": "Porsche",
			"score": 3,
			"question": 1
		}
	},
	{
		"model": "tests.answer",
		"pk": 4,
		"fields": {
			"name": "Toyota",
			"score": 2,
			"question": 1
		}
	},
	{
		"model": "tests.answer",
		"pk": 5,
		"fields": {
			"name": "Apple",
			"score": 3,
			"question": 2
		}
	},
	{
		"model": "tests.answer",
		"pk": 6,
		"fields": {
			"name": "Nokia",
			"score": 0,
			"question": 2
		}
	},
	{
		"model": "tests.answer",
		"pk": 7,
		"fields": {
			"name": "Huawei",
			"score": -1,
			"question": 2
		}
	},
	{
		"model": "tests.answer",
		"pk": 8,
		"fields": {
			"name": "Car",
			"score": 1,
			"question": 3
		}
	},
	{
		"model": "tests.answer",
		"pk": 9,
		"fields": {
			"name": "Airplane",
			"score": 4,
			"question": 3
		}
	},
	{
		"model": "tests.answer",
		"pk": 10,
		"fields": {
			"name": "Bicycle",
			"score": -1,
			"question": 3
		}
	},
	{
		"model": "tests.answer",
		"pk": 11,
		"fields": {
			"name": "Frog",
			"score": -3,
			"question": 4
		}
	},
	{
		"model": "tests.answer",
		"pk": 12,
		"fields": {
			"name": "Dog",
			"score": 2,
			"question": 4
		}
	},
	{
		"model": "tests.answer",
		"pk": 13,
		"fields": {
			"name": "Bug",
			"score": 2,
			"question": 5
		}
	},
	{
		"model": "tests.answer",
		"pk": 14,
		"fields": {
			"name": "Mosquito",
			"score": 4,
			"question": 5
		}
	},
	{
		"model": "tests.answer",
		"pk": 15,
		"fields": {
			"name": "House",
			"score": 2,
			"question": 6
		}
	},
	{
		"model": "tests.answer",
		"pk": 16,
		"fields": {
			"name": "Trance",
			"score": 3,
			"question": 6
		}
	},
	{
		"model": "tests.answer",
		"pk": 17,
		"fields": {
			"name": "Manele",
			"score": -20,
			"question": 6
		}
	},
	{
		"model": "tests.answer",
		"pk": 18,
		"fields": {
			"name": "Populara",
			"score": -10,
			"question": 6
		}
	},
	{
		"model": "tests.answer",
		"pk": 19,
		"fields": {
			"name": "Metal",
			"score": -4,
			"question": 6
		}
	},
	{
		"model": "tests.answer",
		"pk": 20,
		"fields": {
			"name": "Minimal",
			"score": 6,
			"question": 6
		}
	},
	{
		"model": "tests.answer",
		"pk": 21,
		"fields": {
			"name": "Bucharest",
			"score": 6,
			"question": 7
		}
	},
	{
		"model": "tests.answer",
		"pk": 22,
		"fields": {
			"name": "Washington",
			"score": -4,
			"question": 7
		}
	},
	{
		"model": "tests.answer",
		"pk": 23,
		"fields": {
			"name": "Paris",
			"score": 2,
			"question": 7
		}
	},
	{
		"model": "tests.answer",
		"pk": 24,
		"fields": {
			"name": "Ecuator",
			"score": 2,
			"question": 8
		}
	},
	{
		"model": "tests.answer",
		"pk": 25,
		"fields": {
			"name": "North Pole",
			"score": -5,
			"question": 8
		}
	},

	
	{
		"model": "tests.result",
		"pk": 1,
		"fields": {
			"text": "WTF?!",
			"limit": 10,
			"test": 1
		}
	},
	{
		"model": "tests.result",
		"pk": 2,
		"fields": {
			"text": "Good...",
			"limit": 20,
			"test": 1
		}
	},
	{
		"model": "tests.result",
		"pk": 3,
		"fields": {
			"text": "Brilliant!",
			"limit": 30,
			"test": 1
		}
	}
]